{
  "line": "rpe1",
  "n_perts": 955,
  "R": 8,
  "n_states": 3,
  "common_n": 2734,
  "NBOOT": 15,
  "NPERM": 25,
  "control_state_counts": {
    "G1": 2734,
    "S": 3850,
    "G2M": 4901
  },
  "splithalf": {
    "G1": {
      "EN": 0.9811094486597781,
      "ARG": 0.8598965497283427,
      "RST": 0.8618399169422508
    },
    "S": {
      "EN": 0.9831442808831379,
      "ARG": 0.8574794451891163,
      "RST": 0.8744824447041986
    },
    "G2M": {
      "EN": 0.9842601411875241,
      "ARG": 0.8738631463960884,
      "RST": 0.8667891837835902
    }
  },
  "cross_state": {
    "EN": {
      "G1_S": 0.9985613357377892,
      "G1_G2M": 0.998507162449343,
      "S_G2M": 0.9986391168173939
    },
    "ARG": {
      "G1_S": 0.9375288788836731,
      "G1_G2M": 0.9136614678035452,
      "S_G2M": 0.9395724012511203
    },
    "RST": {
      "G1_S": 0.9412760484320497,
      "G1_G2M": 0.9146952797460185,
      "S_G2M": 0.9368561060010063
    }
  },
  "interaction": {
    "EN": {
      "friedman_stat": 6.913089005236543,
      "friedman_p": 0.03153855533799257,
      "mean_cross_state_sd": 0.0075110383803596295,
      "state_means": {
        "G1": 7.7385990864319325,
        "S": 7.736793433600487,
        "G2M": 7.737531862225624
      },
      "null_cross_state_sd_mean": 0.028312828720513553,
      "null_cross_state_sd_std": 0.0009326257300001482,
      "real_vs_null_sd_p": 1.0,
      "real_cross_state_mean_corr": 0.9985692050015086,
      "null_cross_state_mean_corr": 0.9824674863912913
    },
    "ARG": {
      "friedman_stat": 70.22889610389795,
      "friedman_p": 5.623270510175343e-16,
      "mean_cross_state_sd": 0.1269697261221638,
      "state_means": {
        "G1": 6.86673647469459,
        "S": 6.891797556719022,
        "G2M": 6.777731239092496
      },
      "null_cross_state_sd_mean": 0.21229821874588278,
      "null_cross_state_sd_std": 0.01391895799790793,
      "real_vs_null_sd_p": 1.0,
      "real_cross_state_mean_corr": 0.9302542493127796,
      "null_cross_state_mean_corr": 0.8592403624741499
    },
    "RST": {
      "friedman_stat": 64.35708692247789,
      "friedman_p": 1.0593418728987568e-14,
      "mean_cross_state_sd": 0.13281240187970164,
      "state_means": {
        "G1": 6.798603839441536,
        "S": 6.820942408376963,
        "G2M": 6.701989528795811
      },
      "null_cross_state_sd_mean": 0.21821689184381082,
      "null_cross_state_sd_std": 0.013701730494512671,
      "real_vs_null_sd_p": 1.0,
      "real_cross_state_mean_corr": 0.9309424780596914,
      "null_cross_state_mean_corr": 0.8610978634737121
    }
  },
  "depth_state_associations": {
    "EN|occ_entropy": {
      "spearman": 0.2370710575217476,
      "partial_spearman": -0.09180809653534881
    },
    "EN|state_div": {
      "spearman": -0.2671429990663463,
      "partial_spearman": 0.1909640983545349
    },
    "EN|cell_disp": {
      "spearman": -0.0048732941858377656,
      "partial_spearman": 0.05038737613821405
    },
    "ARG|occ_entropy": {
      "spearman": -0.021098441914035142,
      "partial_spearman": 0.10046040397669335
    },
    "ARG|state_div": {
      "spearman": 0.1533850354389469,
      "partial_spearman": 0.21007638129115092
    },
    "ARG|cell_disp": {
      "spearman": -0.016631610004773287,
      "partial_spearman": 0.00652333343115385
    },
    "RST|occ_entropy": {
      "spearman": -0.024498236660823906,
      "partial_spearman": 0.09174484385985433
    },
    "RST|state_div": {
      "spearman": 0.1536499846697296,
      "partial_spearman": 0.2192895585139603
    },
    "RST|cell_disp": {
      "spearman": -0.019073035432577844,
      "partial_spearman": 0.006043764899545906
    }
  },
  "partA_stats": {
    "EN|indirectness": {
      "std_beta_depth": -0.27239374575054454,
      "p": 5.19735107349965e-20,
      "partial_spearman": -0.08683379922077002
    },
    "EN|path_length": {
      "std_beta_depth": -0.18703461174799957,
      "p": 1.4762626695068555e-14,
      "partial_spearman": -0.06644189991693522
    },
    "EN|progression_dip": {
      "std_beta_depth": -0.3045828052604226,
      "p": 6.035864470926973e-37,
      "partial_spearman": -0.4726023467831035
    },
    "EN|nonmonotonicity": {
      "std_beta_depth": 0.20845011856334456,
      "p": 7.228839846332641e-10,
      "partial_spearman": 0.3211574344075541
    },
    "EN|recovery": {
      "std_beta_depth": 0.3045828052604226,
      "p": 6.035864470926973e-37,
      "partial_spearman": 0.4726023467831035
    },
    "EN|nonlin_correction": {
      "std_beta_depth": 0.2506380935908044,
      "p": 1.7809856031630305e-24,
      "partial_spearman": 0.41365234119631183
    },
    "EN|late_cell_cycle": {
      "std_beta_depth": 0.31123988353632465,
      "p": 5.44768698292882e-27,
      "partial_spearman": 0.36511997273149743
    },
    "EN|slope_cell_cycle": {
      "std_beta_depth": 0.29183895790938436,
      "p": 2.4699494426311226e-26,
      "partial_spearman": 0.3530337793535607
    },
    "EN|late_dna_damage": {
      "std_beta_depth": 0.1756730987330303,
      "p": 6.555163001758383e-08,
      "partial_spearman": -0.005447114852722944
    },
    "EN|slope_dna_damage": {
      "std_beta_depth": 0.1707761732167296,
      "p": 6.595766038297419e-08,
      "partial_spearman": -0.008363213368179481
    },
    "EN|late_translation": {
      "std_beta_depth": -0.4572150333232534,
      "p": 1.5935537273333394e-42,
      "partial_spearman": -0.4964235027708695
    },
    "EN|slope_translation": {
      "std_beta_depth": -0.44704938107564707,
      "p": 2.685912458596639e-40,
      "partial_spearman": -0.4769376556775648
    },
    "EN|late_stress": {
      "std_beta_depth": 0.04705672528614718,
      "p": 0.14282654880231108,
      "partial_spearman": -0.09896106343853447
    },
    "EN|slope_stress": {
      "std_beta_depth": 0.05578905760112818,
      "p": 0.07827159076201325,
      "partial_spearman": -0.08115456041319387
    },
    "EN|late_apoptosis": {
      "std_beta_depth": 0.19864254878507362,
      "p": 1.5488085620933394e-08,
      "partial_spearman": 0.08082715100773732
    },
    "EN|slope_apoptosis": {
      "std_beta_depth": 0.20331147769914687,
      "p": 6.0998641270568815e-09,
      "partial_spearman": 0.07355870078370769
    },
    "EN|late_interferon": {
      "std_beta_depth": -0.02362705974966299,
      "p": 0.5026764565073453,
      "partial_spearman": 0.0008136049326891506
    },
    "EN|slope_interferon": {
      "std_beta_depth": -0.0360815230301742,
      "p": 0.30520665005665476,
      "partial_spearman": -0.013639486753655282
    },
    "EN|late_mitochondrial": {
      "std_beta_depth": -0.1601639312987711,
      "p": 4.657263250926192e-06,
      "partial_spearman": -0.2804677777148603
    },
    "EN|slope_mitochondrial": {
      "std_beta_depth": -0.1738883640424408,
      "p": 4.4035619388928905e-07,
      "partial_spearman": -0.28646132348955816
    },
    "argmin_depth|indirectness": {
      "std_beta_depth": -0.09825419504807634,
      "p": 0.0004958666919067284,
      "partial_spearman": -0.13658295848097687
    },
    "argmin_depth|path_length": {
      "std_beta_depth": -0.07826903656663205,
      "p": 0.0006408778558941866,
      "partial_spearman": -0.2405192285515771
    },
    "argmin_depth|progression_dip": {
      "std_beta_depth": -0.17334194610974024,
      "p": 4.147358837806328e-14,
      "partial_spearman": -0.2538398479731382
    },
    "argmin_depth|nonmonotonicity": {
      "std_beta_depth": 0.08471225339068078,
      "p": 0.007637615048206333,
      "partial_spearman": 0.17045462154412855
    },
    "argmin_depth|recovery": {
      "std_beta_depth": 0.17334194610974027,
      "p": 4.147358837806248e-14,
      "partial_spearman": 0.2538398479731382
    },
    "argmin_depth|nonlin_correction": {
      "std_beta_depth": 0.15184783191259263,
      "p": 6.19267108776658e-11,
      "partial_spearman": 0.2261319934953489
    },
    "argmin_depth|late_cell_cycle": {
      "std_beta_depth": 0.1278994871938062,