{
  "line": "hepg2",
  "n_perts": 724,
  "R": 8,
  "n_states": 3,
  "common_n": 1320,
  "NBOOT": 15,
  "NPERM": 25,
  "control_state_counts": {
    "G1": 1320,
    "S": 1796,
    "G2M": 1860
  },
  "splithalf": {
    "G1": {
      "EN": 0.9807831248631431,
      "ARG": 0.8697904135478168,
      "RST": 0.8748674090493868
    },
    "S": {
      "EN": 0.983443943877079,
      "ARG": 0.8491058452585333,
      "RST": 0.8442998766564971
    },
    "G2M": {
      "EN": 0.9840976941666028,
      "ARG": 0.8517090889830261,
      "RST": 0.8369501432262355
    }
  },
  "cross_state": {
    "EN": {
      "G1_S": 0.9978753668946228,
      "G1_G2M": 0.997784837894434,
      "S_G2M": 0.9979284258056662
    },
    "ARG": {
      "G1_S": 0.9533071389864667,
      "G1_G2M": 0.9345733968150818,
      "S_G2M": 0.9511900570537212
    },
    "RST": {
      "G1_S": 0.9496218498990708,
      "G1_G2M": 0.9312737891011341,
      "S_G2M": 0.9512762357390684
    }
  },
  "interaction": {
    "EN": {
      "friedman_stat": 41.14917127071749,
      "friedman_p": 1.1603018671751816e-09,
      "mean_cross_state_sd": 0.014050595872851913,
      "state_means": {
        "G1": 7.423962506800066,
        "S": 7.427715378922871,
        "G2M": 7.4271866000159665
      },
      "null_cross_state_sd_mean": 0.04802076987992401,
      "null_cross_state_sd_std": 0.0013463785819558477,
      "real_vs_null_sd_p": 1.0,
      "real_cross_state_mean_corr": 0.9978628768649077,
      "null_cross_state_mean_corr": 0.9801133994843297
    },
    "ARG": {
      "friedman_stat": 94.8191653786691,
      "friedman_p": 2.57205261636666e-21,
      "mean_cross_state_sd": 0.12856677826124654,
      "state_means": {
        "G1": 6.667771639042358,
        "S": 6.566850828729281,
        "G2M": 6.657734806629834
      },
      "null_cross_state_sd_mean": 0.21814150766493998,
      "null_cross_state_sd_std": 0.013833962906701507,
      "real_vs_null_sd_p": 1.0,
      "real_cross_state_mean_corr": 0.9463568642850899,
      "null_cross_state_mean_corr": 0.8493364412259105
    },
    "RST": {
      "friedman_stat": 103.59585492228044,
      "friedman_p": 3.1948165799743444e-23,
      "mean_cross_state_sd": 0.1352393535398453,
      "state_means": {
        "G1": 6.59815837937385,
        "S": 6.484346224677717,
        "G2M": 6.5834254143646405
      },
      "null_cross_state_sd_mean": 0.22942746462335314,
      "null_cross_state_sd_std": 0.01264399794781796,
      "real_vs_null_sd_p": 1.0,
      "real_cross_state_mean_corr": 0.9440572915797577,
      "null_cross_state_mean_corr": 0.8473623829535788
    }
  },
  "depth_state_associations": {
    "EN|occ_entropy": {
      "spearman": -0.0836400743697887,
      "partial_spearman": -0.11254323091772467
    },
    "EN|state_div": {
      "spearman": 0.11691659563027083,
      "partial_spearman": 0.24130266266880315
    },
    "EN|cell_disp": {
      "spearman": -0.22761915527873713,
      "partial_spearman": -0.21047530887132027
    },
    "ARG|occ_entropy": {
      "spearman": -0.2617443084767357,
      "partial_spearman": -0.08844578971374907
    },
    "ARG|state_div": {
      "spearman": 0.34704822799941115,
      "partial_spearman": 0.3129447774679864
    },
    "ARG|cell_disp": {
      "spearman": -0.18938373768268976,
      "partial_spearman": -0.2441724288127594
    },
    "RST|occ_entropy": {
      "spearman": -0.26099844308179104,
      "partial_spearman": -0.09105958929936465
    },
    "RST|state_div": {
      "spearman": 0.3429391315989065,
      "partial_spearman": 0.30671674272673155
    },
    "RST|cell_disp": {
      "spearman": -0.19073900163509228,
      "partial_spearman": -0.24546642751158287
    }
  },
  "partA_stats": {
    "EN|indirectness": {
      "std_beta_depth": -0.3845881275517655,
      "p": 1.758253781664114e-36,
      "partial_spearman": -0.5994774424529785
    },
    "EN|path_length": {
      "std_beta_depth": -0.4280931944062103,
      "p": 1.6415133779139483e-37,
      "partial_spearman": -0.5599688223562046
    },
    "EN|progression_dip": {
      "std_beta_depth": -0.281806958836224,
      "p": 1.4021546425233763e-18,
      "partial_spearman": -0.4916630632667435
    },
    "EN|nonmonotonicity": {
      "std_beta_depth": -0.12321683284865115,
      "p": 0.0012977761487301548,
      "partial_spearman": -0.14196762236474206
    },
    "EN|recovery": {
      "std_beta_depth": 0.2818069588362241,
      "p": 1.4021546425233447e-18,
      "partial_spearman": 0.4916630632667435
    },
    "EN|nonlin_correction": {
      "std_beta_depth": 0.283469429990894,
      "p": 1.436710473260894e-17,
      "partial_spearman": 0.48347093182736245
    },
    "EN|late_cell_cycle": {
      "std_beta_depth": -0.15951746565651692,
      "p": 3.331072115179314e-06,
      "partial_spearman": -0.1289664816613953
    },
    "EN|slope_cell_cycle": {
      "std_beta_depth": -0.16758202143758227,
      "p": 3.5599960673890105e-07,
      "partial_spearman": -0.18912213272790945
    },
    "EN|late_dna_damage": {
      "std_beta_depth": -0.11593613652497614,
      "p": 0.0007802758767290851,
      "partial_spearman": -0.13085149591821085
    },
    "EN|slope_dna_damage": {
      "std_beta_depth": -0.13914890779862343,
      "p": 6.417171294729977e-05,
      "partial_spearman": -0.16986392982184315
    },
    "EN|late_translation": {
      "std_beta_depth": -0.34915978103707057,
      "p": 6.738836305257677e-22,
      "partial_spearman": -0.33857849232693205
    },
    "EN|slope_translation": {
      "std_beta_depth": -0.3217836877703417,
      "p": 9.484556528585188e-19,
      "partial_spearman": -0.3120311080790729
    },
    "EN|late_stress": {
      "std_beta_depth": -0.29834597804129154,
      "p": 5.09568742214518e-16,
      "partial_spearman": -0.5237674672670312
    },
    "EN|slope_stress": {
      "std_beta_depth": -0.3126115416814329,
      "p": 8.019924352553727e-18,
      "partial_spearman": -0.5276978424659428
    },
    "EN|late_apoptosis": {
      "std_beta_depth": -0.09858473816484462,
      "p": 0.009496506228471419,
      "partial_spearman": -0.27361781615782965
    },
    "EN|slope_apoptosis": {
      "std_beta_depth": -0.11621908914358631,
      "p": 0.0021860556790143544,
      "partial_spearman": -0.29459059975067364
    },
    "EN|late_interferon": {
      "std_beta_depth": 0.04484295203372707,
      "p": 0.14559065447711592,
      "partial_spearman": 0.015274926897753293
    },
    "EN|slope_interferon": {
      "std_beta_depth": 0.05844674184307164,
      "p": 0.05376618769169116,
      "partial_spearman": 0.013971695063039077
    },
    "EN|late_mitochondrial": {
      "std_beta_depth": 0.05416177152399837,
      "p": 0.1437772046946578,
      "partial_spearman": -0.06893215779492477
    },
    "EN|slope_mitochondrial": {
      "std_beta_depth": 0.02399323633798567,
      "p": 0.5171080415754274,
      "partial_spearman": -0.07071061154505619
    },
    "argmin_depth|indirectness": {
      "std_beta_depth": -0.2495122818078216,
      "p": 1.2071309353036918e-14,
      "partial_spearman": -0.31906122407034254
    },
    "argmin_depth|path_length": {
      "std_beta_depth": -0.3080189903534722,
      "p": 2.8394544345882512e-18,
      "partial_spearman": -0.32975221520163095
    },
    "argmin_depth|progression_dip": {
      "std_beta_depth": -0.260123088297631,
      "p": 3.3497715615114217e-15,
      "partial_spearman": -0.31245595881136023
    },
    "argmin_depth|nonmonotonicity": {
      "std_beta_depth": -0.1213622595069214,
      "p": 0.0020115798640185653,
      "partial_spearman": -0.11571133486006818
    },
    "argmin_depth|recovery": {
      "std_beta_depth": 0.260123088297631,
      "p": 3.3497715615114217e-15,
      "partial_spearman": 0.31245595881136023
    },
    "argmin_depth|nonlin_correction": {
      "std_beta_depth": 0.2832052366300287,
      "p": 1.0285891377790659e-16,
      "partial_spearman": 0.31596938836008276
    },
    "argmin_depth|late_cell_cycle": {
      "std_beta_depth": -0.19331950461272998,