line,n_full,n_subset,rho_response_mag,p_response_mag,rho_nDE,p_nDE,rho_cellcount,p_cellcount,rho_knockdown,p_knockdown,rho_baseline,p_baseline,partial_rho,partial_p
K562,968,169,-0.346,1.355892581071133e-28,-0.346,1.588821114660118e-28,-0.078,0.015164781876483992,-0.034,0.6625875192570614,-0.034,0.6651283068466778,0.031,0.6922695359342353
RPE1,1061,223,0.322,4.7736331307482834e-27,0.305,2.611461636269693e-24,-0.237,4.9805517052969846e-15,0.095,0.15639854584285026,0.092,0.1726310172446776,-0.02,0.7717400962069246
JURKAT,1084,192,0.24,1.3114924233445966e-15,0.23,1.6403465614507274e-14,-0.015,0.6131999207754486,-0.002,0.9771254698988835,-0.002,0.9776001519112129,0.071,0.3259705392857581
HEPG2,945,174,0.356,1.524214749874184e-29,0.32,5.209756344269478e-24,0.143,1.0092259193566577e-05,0.024,0.7555641717058843,0.027,0.7228755623853087,0.163,0.03131488088519329
